building,date,v,floor,type
E棟,2024-04-01,24.6,1F,Air Condition空調用電
E棟,2024-04-02,30.8,1F,Air Condition空調用電
E棟,2024-04-03,37.5,1F,Air Condition空調用電
E棟,2024-04-04,12.2,1F,Air Condition空調用電
E棟,2024-04-05,11.1,1F,Air Condition空調用電
E棟,2024-04-06,14.7,1F,Air Condition空調用電
E棟,2024-04-07,13.9,1F,Air Condition空調用電
E棟,2024-04-08,25.7,1F,Air Condition空調用電
E棟,2024-04-09,28.5,1F,Air Condition空調用電
E棟,2024-04-10,27.0,1F,Air Condition空調用電
E棟,2024-04-11,26.0,1F,Air Condition空調用電
E棟,2024-04-12,33.6,1F,Air Condition空調用電
E棟,2024-04-13,15.5,1F,Air Condition空調用電
E棟,2024-04-14,15.4,1F,Air Condition空調用電
E棟,2024-04-15,35.6,1F,Air Condition空調用電
E棟,2024-04-16,36.7,1F,Air Condition空調用電
E棟,2024-04-17,35.5,1F,Air Condition空調用電
E棟,2024-04-18,30.5,1F,Air Condition空調用電
E棟,2024-04-19,90.7,1F,Air Condition空調用電
E棟,2024-04-20,15.7,1F,Air Condition空調用電
E棟,2024-04-21,15.3,1F,Air Condition空調用電
E棟,2024-04-22,34.3,1F,Air Condition空調用電
E棟,2024-04-23,27.4,1F,Air Condition空調用電
E棟,2024-04-24,27.3,1F,Air Condition空調用電
E棟,2024-04-25,28.7,1F,Air Condition空調用電
E棟,2024-04-26,24.9,1F,Air Condition空調用電
E棟,2024-04-27,15.3,1F,Air Condition空調用電
E棟,2024-04-28,15.7,1F,Air Condition空調用電
E棟,2024-04-29,38.4,1F,Air Condition空調用電
E棟,2024-04-30,36.1,1F,Air Condition空調用電
E棟,2024-04-01,28.4,1F,Auto Door & Exhaust Gate自動門、排煙閘門
E棟,2024-04-02,36.3,1F,Auto Door & Exhaust Gate自動門、排煙閘門
E棟,2024-04-03,36.3,1F,Auto Door & Exhaust Gate自動門、排煙閘門
E棟,2024-04-04,22.3,1F,Auto Door & Exhaust Gate自動門、排煙閘門
E棟,2024-04-05,20.6,1F,Auto Door & Exhaust Gate自動門、排煙閘門
E棟,2024-04-06,18.7,1F,Auto Door & Exhaust Gate自動門、排煙閘門
E棟,2024-04-07,17.4,1F,Auto Door & Exhaust Gate自動門、排煙閘門
E棟,2024-04-08,26.4,1F,Auto Door & Exhaust Gate自動門、排煙閘門
E棟,2024-04-09,48.6,1F,Auto Door & Exhaust Gate自動門、排煙閘門
E棟,2024-04-10,39.9,1F,Auto Door & Exhaust Gate自動門、排煙閘門
E棟,2024-04-11,38.1,1F,Auto Door & Exhaust Gate自動門、排煙閘門
E棟,2024-04-12,37.2,1F,Auto Door & Exhaust Gate自動門、排煙閘門
E棟,2024-04-13,20.5,1F,Auto Door & Exhaust Gate自動門、排煙閘門
E棟,2024-04-14,20.5,1F,Auto Door & Exhaust Gate自動門、排煙閘門
E棟,2024-04-15,25.7,1F,Auto Door & Exhaust Gate自動門、排煙閘門
E棟,2024-04-16,29.6,1F,Auto Door & Exhaust Gate自動門、排煙閘門
E棟,2024-04-17,31.6,1F,Auto Door & Exhaust Gate自動門、排煙閘門
E棟,2024-04-18,37.2,1F,Auto Door & Exhaust Gate自動門、排煙閘門
E棟,2024-04-19,36.2,1F,Auto Door & Exhaust Gate自動門、排煙閘門
E棟,2024-04-20,21.9,1F,Auto Door & Exhaust Gate自動門、排煙閘門
E棟,2024-04-21,22.0,1F,Auto Door & Exhaust Gate自動門、排煙閘門
E棟,2024-04-22,27.1,1F,Auto Door & Exhaust Gate自動門、排煙閘門
E棟,2024-04-23,28.5,1F,Auto Door & Exhaust Gate自動門、排煙閘門
E棟,2024-04-24,29.8,1F,Auto Door & Exhaust Gate自動門、排煙閘門
E棟,2024-04-25,31.9,1F,Auto Door & Exhaust Gate自動門、排煙閘門
E棟,2024-04-26,31.3,1F,Auto Door & Exhaust Gate自動門、排煙閘門
E棟,2024-04-27,21.9,1F,Auto Door & Exhaust Gate自動門、排煙閘門
E棟,2024-04-28,22.0,1F,Auto Door & Exhaust Gate自動門、排煙閘門
E棟,2024-04-29,26.8,1F,Auto Door & Exhaust Gate自動門、排煙閘門
E棟,2024-04-30,29.9,1F,Auto Door & Exhaust Gate自動門、排煙閘門
E棟,2024-04-01,102.5,1F,Command Center中控室電源
E棟,2024-04-02,103.1,1F,Command Center中控室電源
E棟,2024-04-03,100.7,1F,Command Center中控室電源
E棟,2024-04-04,100.2,1F,Command Center中控室電源
E棟,2024-04-05,104.1,1F,Command Center中控室電源
E棟,2024-04-06,94.6,1F,Command Center中控室電源
E棟,2024-04-07,87.2,1F,Command Center中控室電源
E棟,2024-04-08,104.4,1F,Command Center中控室電源
E棟,2024-04-09,125.9,1F,Command Center中控室電源
E棟,2024-04-10,100.0,1F,Command Center中控室電源
E棟,2024-04-11,97.2,1F,Command Center中控室電源
E棟,2024-04-12,97.3,1F,Command Center中控室電源
E棟,2024-04-13,102.0,1F,Command Center中控室電源
E棟,2024-04-14,96.6,1F,Command Center中控室電源
E棟,2024-04-15,96.1,1F,Command Center中控室電源
E棟,2024-04-16,96.1,1F,Command Center中控室電源
E棟,2024-04-17,90.3,1F,Command Center中控室電源
E棟,2024-04-18,105.4,1F,Command Center中控室電源
E棟,2024-04-19,104.5,1F,Command Center中控室電源
E棟,2024-04-20,105.6,1F,Command Center中控室電源
E棟,2024-04-21,103.0,1F,Command Center中控室電源
E棟,2024-04-22,102.9,1F,Command Center中控室電源
E棟,2024-04-23,103.1,1F,Command Center中控室電源
E棟,2024-04-24,102.9,1F,Command Center中控室電源
E棟,2024-04-25,103.7,1F,Command Center中控室電源
E棟,2024-04-26,103.2,1F,Command Center中控室電源
E棟,2024-04-27,103.2,1F,Command Center中控室電源
E棟,2024-04-28,103.6,1F,Command Center中控室電源
E棟,2024-04-29,103.1,1F,Command Center中控室電源
E棟,2024-04-30,103.3,1F,Command Center中控室電源
E棟,2024-04-01,172.9,1F,Lighting照明用電
E棟,2024-04-02,188.1,1F,Lighting照明用電
E棟,2024-04-03,180.7,1F,Lighting照明用電
E棟,2024-04-04,84.6,1F,Lighting照明用電
E棟,2024-04-05,83.6,1F,Lighting照明用電
E棟,2024-04-06,69.2,1F,Lighting照明用電
E棟,2024-04-07,37.5,1F,Lighting照明用電
E棟,2024-04-08,145.3,1F,Lighting照明用電
E棟,2024-04-09,208.1,1F,Lighting照明用電
E棟,2024-04-10,176.5,1F,Lighting照明用電
E棟,2024-04-11,185.1,1F,Lighting照明用電
E棟,2024-04-12,209.1,1F,Lighting照明用電
E棟,2024-04-13,93.6,1F,Lighting照明用電
E棟,2024-04-14,43.7,1F,Lighting照明用電
E棟,2024-04-15,172.2,1F,Lighting照明用電
E棟,2024-04-16,203.3,1F,Lighting照明用電
E棟,2024-04-17,178.2,1F,Lighting照明用電
E棟,2024-04-18,216.7,1F,Lighting照明用電
E棟,2024-04-19,204.8,1F,Lighting照明用電
E棟,2024-04-20,78.1,1F,Lighting照明用電
E棟,2024-04-21,44.5,1F,Lighting照明用電
E棟,2024-04-22,185.4,1F,Lighting照明用電
E棟,2024-04-23,204.8,1F,Lighting照明用電
E棟,2024-04-24,221.8,1F,Lighting照明用電
E棟,2024-04-25,201.6,1F,Lighting照明用電
E棟,2024-04-26,195.3,1F,Lighting照明用電
E棟,2024-04-27,70.7,1F,Lighting照明用電
E棟,2024-04-28,49.0,1F,Lighting照明用電
E棟,2024-04-29,201.9,1F,Lighting照明用電
E棟,2024-04-30,206.1,1F,Lighting照明用電
E棟,2024-04-01,37.6,1F,Socket插座用電
E棟,2024-04-02,40.5,1F,Socket插座用電
E棟,2024-04-03,34.0,1F,Socket插座用電
E棟,2024-04-04,29.5,1F,Socket插座用電
E棟,2024-04-05,29.0,1F,Socket插座用電
E棟,2024-04-06,26.8,1F,Socket插座用電
E棟,2024-04-07,24.8,1F,Socket插座用電
E棟,2024-04-08,36.8,1F,Socket插座用電
E棟,2024-04-09,41.4,1F,Socket插座用電
E棟,2024-04-10,34.0,1F,Socket插座用電
E棟,2024-04-11,38.0,1F,Socket插座用電
E棟,2024-04-12,42.8,1F,Socket插座用電
E棟,2024-04-13,32.3,1F,Socket插座用電
E棟,2024-04-14,32.0,1F,Socket插座用電
E棟,2024-04-15,34.2,1F,Socket插座用電
E棟,2024-04-16,47.4,1F,Socket插座用電
E棟,2024-04-17,37.1,1F,Socket插座用電
E棟,2024-04-18,46.2,1F,Socket插座用電
E棟,2024-04-19,42.6,1F,Socket插座用電
E棟,2024-04-20,31.8,1F,Socket插座用電
E棟,2024-04-21,33.2,1F,Socket插座用電
E棟,2024-04-22,39.7,1F,Socket插座用電
E棟,2024-04-23,45.6,1F,Socket插座用電
E棟,2024-04-24,46.8,1F,Socket插座用電
E棟,2024-04-25,39.8,1F,Socket插座用電
E棟,2024-04-26,36.0,1F,Socket插座用電
E棟,2024-04-27,31.8,1F,Socket插座用電
E棟,2024-04-28,31.3,1F,Socket插座用電
E棟,2024-04-29,46.0,1F,Socket插座用電
E棟,2024-04-30,40.2,1F,Socket插座用電
E棟,2024-04-01,63.3,2F,Air Condition空調用電
E棟,2024-04-02,70.3,2F,Air Condition空調用電
E棟,2024-04-03,66.0,2F,Air Condition空調用電
E棟,2024-04-04,10.3,2F,Air Condition空調用電
E棟,2024-04-05,10.0,2F,Air Condition空調用電
E棟,2024-04-06,9.5,2F,Air Condition空調用電
E棟,2024-04-07,8.8,2F,Air Condition空調用電
E棟,2024-04-08,62.5,2F,Air Condition空調用電
E棟,2024-04-09,61.7,2F,Air Condition空調用電
E棟,2024-04-10,76.8,2F,Air Condition空調用電
E棟,2024-04-11,93.7,2F,Air Condition空調用電
E棟,2024-04-12,101.0,2F,Air Condition空調用電
E棟,2024-04-13,13.2,2F,Air Condition空調用電
E棟,2024-04-14,12.1,2F,Air Condition空調用電
E棟,2024-04-15,94.4,2F,Air Condition空調用電
E棟,2024-04-16,110.7,2F,Air Condition空調用電
E棟,2024-04-17,97.0,2F,Air Condition空調用電
E棟,2024-04-18,101.7,2F,Air Condition空調用電
E棟,2024-04-19,98.6,2F,Air Condition空調用電
E棟,2024-04-20,12.2,2F,Air Condition空調用電
E棟,2024-04-21,12.0,2F,Air Condition空調用電
E棟,2024-04-22,109.3,2F,Air Condition空調用電
E棟,2024-04-23,123.7,2F,Air Condition空調用電
E棟,2024-04-24,116.4,2F,Air Condition空調用電
E棟,2024-04-25,83.8,2F,Air Condition空調用電
E棟,2024-04-26,90.0,2F,Air Condition空調用電
E棟,2024-04-27,12.0,2F,Air Condition空調用電
E棟,2024-04-28,12.1,2F,Air Condition空調用電
E棟,2024-04-29,125.1,2F,Air Condition空調用電
E棟,2024-04-30,116.6,2F,Air Condition空調用電
E棟,2024-04-01,0.0,2F,Auto Door & Exhaust Gate自動門、排煙閘門
E棟,2024-04-02,0.0,2F,Auto Door & Exhaust Gate自動門、排煙閘門
E棟,2024-04-03,0.0,2F,Auto Door & Exhaust Gate自動門、排煙閘門
E棟,2024-04-04,0.0,2F,Auto Door & Exhaust Gate自動門、排煙閘門
E棟,2024-04-05,0.0,2F,Auto Door & Exhaust Gate自動門、排煙閘門
E棟,2024-04-06,0.0,2F,Auto Door & Exhaust Gate自動門、排煙閘門
E棟,2024-04-07,0.0,2F,Auto Door & Exhaust Gate自動門、排煙閘門
E棟,2024-04-08,0.0,2F,Auto Door & Exhaust Gate自動門、排煙閘門
E棟,2024-04-09,0.0,2F,Auto Door & Exhaust Gate自動門、排煙閘門
E棟,2024-04-10,0.0,2F,Auto Door & Exhaust Gate自動門、排煙閘門
E棟,2024-04-11,0.0,2F,Auto Door & Exhaust Gate自動門、排煙閘門
E棟,2024-04-12,0.0,2F,Auto Door & Exhaust Gate自動門、排煙閘門
E棟,2024-04-13,0.0,2F,Auto Door & Exhaust Gate自動門、排煙閘門
E棟,2024-04-14,0.0,2F,Auto Door & Exhaust Gate自動門、排煙閘門
E棟,2024-04-15,0.0,2F,Auto Door & Exhaust Gate自動門、排煙閘門
E棟,2024-04-16,0.0,2F,Auto Door & Exhaust Gate自動門、排煙閘門
E棟,2024-04-17,0.0,2F,Auto Door & Exhaust Gate自動門、排煙閘門
E棟,2024-04-18,0.0,2F,Auto Door & Exhaust Gate自動門、排煙閘門
E棟,2024-04-19,0.0,2F,Auto Door & Exhaust Gate自動門、排煙閘門
E棟,2024-04-20,0.0,2F,Auto Door & Exhaust Gate自動門、排煙閘門
E棟,2024-04-21,0.0,2F,Auto Door & Exhaust Gate自動門、排煙閘門
E棟,2024-04-22,0.0,2F,Auto Door & Exhaust Gate自動門、排煙閘門
E棟,2024-04-23,0.0,2F,Auto Door & Exhaust Gate自動門、排煙閘門
E棟,2024-04-24,0.0,2F,Auto Door & Exhaust Gate自動門、排煙閘門
E棟,2024-04-25,0.0,2F,Auto Door & Exhaust Gate自動門、排煙閘門
E棟,2024-04-26,0.0,2F,Auto Door & Exhaust Gate自動門、排煙閘門
E棟,2024-04-27,0.0,2F,Auto Door & Exhaust Gate自動門、排煙閘門
E棟,2024-04-28,0.0,2F,Auto Door & Exhaust Gate自動門、排煙閘門
E棟,2024-04-29,0.0,2F,Auto Door & Exhaust Gate自動門、排煙閘門
E棟,2024-04-30,0.0,2F,Auto Door & Exhaust Gate自動門、排煙閘門
E棟,2024-04-01,536.8,2F,Lighting照明用電
E棟,2024-04-02,558.3,2F,Lighting照明用電
E棟,2024-04-03,557.3,2F,Lighting照明用電
E棟,2024-04-04,83.4,2F,Lighting照明用電
E棟,2024-04-05,101.5,2F,Lighting照明用電
E棟,2024-04-06,91.7,2F,Lighting照明用電
E棟,2024-04-07,83.4,2F,Lighting照明用電
E棟,2024-04-08,505.0,2F,Lighting照明用電
E棟,2024-04-09,623.8,2F,Lighting照明用電
E棟,2024-04-10,548.3,2F,Lighting照明用電
E棟,2024-04-11,556.6,2F,Lighting照明用電
E棟,2024-04-12,557.0,2F,Lighting照明用電
E棟,2024-04-13,93.8,2F,Lighting照明用電
E棟,2024-04-14,80.5,2F,Lighting照明用電
E棟,2024-04-15,526.7,2F,Lighting照明用電
E棟,2024-04-16,566.5,2F,Lighting照明用電
E棟,2024-04-17,548.9,2F,Lighting照明用電
E棟,2024-04-18,579.6,2F,Lighting照明用電
E棟,2024-04-19,594.5,2F,Lighting照明用電
E棟,2024-04-20,89.9,2F,Lighting照明用電
E棟,2024-04-21,138.8,2F,Lighting照明用電
E棟,2024-04-22,538.2,2F,Lighting照明用電
E棟,2024-04-23,545.5,2F,Lighting照明用電
E棟,2024-04-24,613.1,2F,Lighting照明用電
E棟,2024-04-25,570.6,2F,Lighting照明用電
E棟,2024-04-26,578.3,2F,Lighting照明用電
E棟,2024-04-27,78.7,2F,Lighting照明用電
E棟,2024-04-28,70.2,2F,Lighting照明用電
E棟,2024-04-29,559.3,2F,Lighting照明用電
E棟,2024-04-30,601.5,2F,Lighting照明用電
E棟,2024-04-01,193.8,2F,Socket插座用電
E棟,2024-04-02,200.9,2F,Socket插座用電
E棟,2024-04-03,194.5,2F,Socket插座用電
E棟,2024-04-04,118.4,2F,Socket插座用電
E棟,2024-04-05,119.2,2F,Socket插座用電
E棟,2024-04-06,108.5,2F,Socket插座用電
E棟,2024-04-07,101.6,2F,Socket插座用電
E棟,2024-04-08,188.0,2F,Socket插座用電
E棟,2024-04-09,235.4,2F,Socket插座用電
E棟,2024-04-10,197.2,2F,Socket插座用電
E棟,2024-04-11,191.9,2F,Socket插座用電
E棟,2024-04-12,186.1,2F,Socket插座用電
E棟,2024-04-13,130.0,2F,Socket插座用電
E棟,2024-04-14,132.2,2F,Socket插座用電
E棟,2024-04-15,189.4,2F,Socket插座用電
E棟,2024-04-16,186.6,2F,Socket插座用電
E棟,2024-04-17,178.5,2F,Socket插座用電
E棟,2024-04-18,191.2,2F,Socket插座用電
E棟,2024-04-19,176.9,2F,Socket插座用電
E棟,2024-04-20,111.4,2F,Socket插座用電
E棟,2024-04-21,112.1,2F,Socket插座用電
E棟,2024-04-22,179.0,2F,Socket插座用電
E棟,2024-04-23,192.0,2F,Socket插座用電
E棟,2024-04-24,210.1,2F,Socket插座用電
E棟,2024-04-25,179.5,2F,Socket插座用電
E棟,2024-04-26,178.0,2F,Socket插座用電
E棟,2024-04-27,107.4,2F,Socket插座用電
E棟,2024-04-28,108.3,2F,Socket插座用電
E棟,2024-04-29,177.9,2F,Socket插座用電
E棟,2024-04-30,187.4,2F,Socket插座用電
E棟,2024-04-01,58.3,3F,Air Condition空調用電
E棟,2024-04-02,78.0,3F,Air Condition空調用電
E棟,2024-04-03,84.5,3F,Air Condition空調用電
E棟,2024-04-04,4.9,3F,Air Condition空調用電
E棟,2024-04-05,4.8,3F,Air Condition空調用電
E棟,2024-04-06,4.4,3F,Air Condition空調用電
E棟,2024-04-07,4.1,3F,Air Condition空調用電
E棟,2024-04-08,69.9,3F,Air Condition空調用電
E棟,2024-04-09,76.0,3F,Air Condition空調用電
E棟,2024-04-10,68.6,3F,Air Condition空調用電
E棟,2024-04-11,75.6,3F,Air Condition空調用電
E棟,2024-04-12,88.8,3F,Air Condition空調用電
E棟,2024-04-13,4.8,3F,Air Condition空調用電
E棟,2024-04-14,4.9,3F,Air Condition空調用電
E棟,2024-04-15,103.4,3F,Air Condition空調用電
E棟,2024-04-16,99.5,3F,Air Condition空調用電
E棟,2024-04-17,108.4,3F,Air Condition空調用電
E棟,2024-04-18,93.7,3F,Air Condition空調用電
E棟,2024-04-19,74.1,3F,Air Condition空調用電
E棟,2024-04-20,4.8,3F,Air Condition空調用電
E棟,2024-04-21,4.9,3F,Air Condition空調用電
E棟,2024-04-22,106.3,3F,Air Condition空調用電
E棟,2024-04-23,86.6,3F,Air Condition空調用電
E棟,2024-04-24,74.9,3F,Air Condition空調用電
E棟,2024-04-25,70.8,3F,Air Condition空調用電
E棟,2024-04-26,70.5,3F,Air Condition空調用電
E棟,2024-04-27,4.8,3F,Air Condition空調用電
E棟,2024-04-28,4.9,3F,Air Condition空調用電
E棟,2024-04-29,113.2,3F,Air Condition空調用電
E棟,2024-04-30,103.5,3F,Air Condition空調用電
E棟,2024-04-01,0.0,3F,Auto Door & Exhaust Gate自動門、排煙閘門
E棟,2024-04-02,0.0,3F,Auto Door & Exhaust Gate自動門、排煙閘門
E棟,2024-04-03,0.0,3F,Auto Door & Exhaust Gate自動門、排煙閘門
E棟,2024-04-04,0.0,3F,Auto Door & Exhaust Gate自動門、排煙閘門
E棟,2024-04-05,0.0,3F,Auto Door & Exhaust Gate自動門、排煙閘門
E棟,2024-04-06,0.0,3F,Auto Door & Exhaust Gate自動門、排煙閘門
E棟,2024-04-07,0.0,3F,Auto Door & Exhaust Gate自動門、排煙閘門
E棟,2024-04-08,0.0,3F,Auto Door & Exhaust Gate自動門、排煙閘門
E棟,2024-04-09,0.0,3F,Auto Door & Exhaust Gate自動門、排煙閘門
E棟,2024-04-10,0.0,3F,Auto Door & Exhaust Gate自動門、排煙閘門
E棟,2024-04-11,0.0,3F,Auto Door & Exhaust Gate自動門、排煙閘門
E棟,2024-04-12,0.0,3F,Auto Door & Exhaust Gate自動門、排煙閘門
E棟,2024-04-13,0.0,3F,Auto Door & Exhaust Gate自動門、排煙閘門
E棟,2024-04-14,0.0,3F,Auto Door & Exhaust Gate自動門、排煙閘門
E棟,2024-04-15,0.0,3F,Auto Door & Exhaust Gate自動門、排煙閘門
E棟,2024-04-16,0.0,3F,Auto Door & Exhaust Gate自動門、排煙閘門
E棟,2024-04-17,0.0,3F,Auto Door & Exhaust Gate自動門、排煙閘門
E棟,2024-04-18,0.0,3F,Auto Door & Exhaust Gate自動門、排煙閘門
E棟,2024-04-19,0.0,3F,Auto Door & Exhaust Gate自動門、排煙閘門
E棟,2024-04-20,0.0,3F,Auto Door & Exhaust Gate自動門、排煙閘門
E棟,2024-04-21,0.0,3F,Auto Door & Exhaust Gate自動門、排煙閘門
E棟,2024-04-22,0.0,3F,Auto Door & Exhaust Gate自動門、排煙閘門
E棟,2024-04-23,0.0,3F,Auto Door & Exhaust Gate自動門、排煙閘門
E棟,2024-04-24,0.0,3F,Auto Door & Exhaust Gate自動門、排煙閘門
E棟,2024-04-25,0.0,3F,Auto Door & Exhaust Gate自動門、排煙閘門
E棟,2024-04-26,0.0,3F,Auto Door & Exhaust Gate自動門、排煙閘門
E棟,2024-04-27,0.0,3F,Auto Door & Exhaust Gate自動門、排煙閘門
E棟,2024-04-28,0.0,3F,Auto Door & Exhaust Gate自動門、排煙閘門
E棟,2024-04-29,0.0,3F,Auto Door & Exhaust Gate自動門、排煙閘門
E棟,2024-04-30,0.0,3F,Auto Door & Exhaust Gate自動門、排煙閘門
E棟,2024-04-01,461.6,3F,Lighting照明用電
E棟,2024-04-02,472.9,3F,Lighting照明用電
E棟,2024-04-03,465.5,3F,Lighting照明用電
E棟,2024-04-04,43.6,3F,Lighting照明用電
E棟,2024-04-05,21.0,3F,Lighting照明用電
E棟,2024-04-06,14.5,3F,Lighting照明用電
E棟,2024-04-07,12.3,3F,Lighting照明用電
E棟,2024-04-08,383.3,3F,Lighting照明用電
E棟,2024-04-09,582.9,3F,Lighting照明用電
E棟,2024-04-10,467.2,3F,Lighting照明用電
E棟,2024-04-11,463.2,3F,Lighting照明用電
E棟,2024-04-12,443.3,3F,Lighting照明用電
E棟,2024-04-13,37.1,3F,Lighting照明用電
E棟,2024-04-14,11.0,3F,Lighting照明用電
E棟,2024-04-15,465.1,3F,Lighting照明用電
E棟,2024-04-16,463.6,3F,Lighting照明用電
E棟,2024-04-17,455.7,3F,Lighting照明用電
E棟,2024-04-18,504.4,3F,Lighting照明用電
E棟,2024-04-19,465.2,3F,Lighting照明用電
E棟,2024-04-20,24.0,3F,Lighting照明用電
E棟,2024-04-21,11.1,3F,Lighting照明用電
E棟,2024-04-22,472.2,3F,Lighting照明用電
E棟,2024-04-23,459.9,3F,Lighting照明用電
E棟,2024-04-24,506.7,3F,Lighting照明用電
E棟,2024-04-25,496.4,3F,Lighting照明用電
E棟,2024-04-26,458.4,3F,Lighting照明用電
E棟,2024-04-27,14.8,3F,Lighting照明用電
E棟,2024-04-28,13.0,3F,Lighting照明用電
E棟,2024-04-29,466.1,3F,Lighting照明用電
E棟,2024-04-30,448.8,3F,Lighting照明用電
E棟,2024-04-01,733.0,3F,MIS Room MIS 機房電源
E棟,2024-04-02,745.7,3F,MIS Room MIS 機房電源
E棟,2024-04-03,746.1,3F,MIS Room MIS 機房電源
E棟,2024-04-04,734.2,3F,MIS Room MIS 機房電源
E棟,2024-04-05,718.3,3F,MIS Room MIS 機房電源
E棟,2024-04-06,660.9,3F,MIS Room MIS 機房電源
E棟,2024-04-07,611.9,3F,MIS Room MIS 機房電源
E棟,2024-04-08,734.7,3F,MIS Room MIS 機房電源
E棟,2024-04-09,872.1,3F,MIS Room MIS 機房電源
E棟,2024-04-10,720.7,3F,MIS Room MIS 機房電源
E棟,2024-04-11,734.7,3F,MIS Room MIS 機房電源
E棟,2024-04-12,737.4,3F,MIS Room MIS 機房電源
E棟,2024-04-13,736.6,3F,MIS Room MIS 機房電源
E棟,2024-04-14,735.1,3F,MIS Room MIS 機房電源
E棟,2024-04-15,752.6,3F,MIS Room MIS 機房電源
E棟,2024-04-16,742.2,3F,MIS Room MIS 機房電源
E棟,2024-04-17,693.0,3F,MIS Room MIS 機房電源
E棟,2024-04-18,779.1,3F,MIS Room MIS 機房電源
E棟,2024-04-19,734.3,3F,MIS Room MIS 機房電源
E棟,2024-04-20,740.3,3F,MIS Room MIS 機房電源
E棟,2024-04-21,741.5,3F,MIS Room MIS 機房電源
E棟,2024-04-22,740.1,3F,MIS Room MIS 機房電源
E棟,2024-04-23,742.5,3F,MIS Room MIS 機房電源
E棟,2024-04-24,728.3,3F,MIS Room MIS 機房電源
E棟,2024-04-25,737.9,3F,MIS Room MIS 機房電源
E棟,2024-04-26,737.9,3F,MIS Room MIS 機房電源
E棟,2024-04-27,741.1,3F,MIS Room MIS 機房電源
E棟,2024-04-28,768.0,3F,MIS Room MIS 機房電源
E棟,2024-04-29,762.8,3F,MIS Room MIS 機房電源
E棟,2024-04-30,748.5,3F,MIS Room MIS 機房電源
E棟,2024-04-01,145.7,3F,Socket插座用電
E棟,2024-04-02,156.3,3F,Socket插座用電
E棟,2024-04-03,140.7,3F,Socket插座用電
E棟,2024-04-04,73.4,3F,Socket插座用電
E棟,2024-04-05,76.2,3F,Socket插座用電
E棟,2024-04-06,66.8,3F,Socket插座用電
E棟,2024-04-07,61.5,3F,Socket插座用電
E棟,2024-04-08,133.5,3F,Socket插座用電
E棟,2024-04-09,173.1,3F,Socket插座用電
E棟,2024-04-10,148.6,3F,Socket插座用電
E棟,2024-04-11,148.3,3F,Socket插座用電
E棟,2024-04-12,140.0,3F,Socket插座用電
E棟,2024-04-13,78.3,3F,Socket插座用電
E棟,2024-04-14,79.9,3F,Socket插座用電
E棟,2024-04-15,140.6,3F,Socket插座用電
E棟,2024-04-16,134.2,3F,Socket插座用電
E棟,2024-04-17,137.9,3F,Socket插座用電
E棟,2024-04-18,152.8,3F,Socket插座用電
E棟,2024-04-19,140.0,3F,Socket插座用電
E棟,2024-04-20,83.2,3F,Socket插座用電
E棟,2024-04-21,84.2,3F,Socket插座用電
E棟,2024-04-22,145.6,3F,Socket插座用電
E棟,2024-04-23,142.9,3F,Socket插座用電
E棟,2024-04-24,140.7,3F,Socket插座用電
E棟,2024-04-25,142.8,3F,Socket插座用電
E棟,2024-04-26,137.2,3F,Socket插座用電
E棟,2024-04-27,72.2,3F,Socket插座用電
E棟,2024-04-28,73.4,3F,Socket插座用電
E棟,2024-04-29,138.1,3F,Socket插座用電
E棟,2024-04-30,135.0,3F,Socket插座用電
E棟,2024-04-01,442.0,4F,Air Condition空調用電
E棟,2024-04-02,487.2,4F,Air Condition空調用電
E棟,2024-04-03,505.6,4F,Air Condition空調用電
E棟,2024-04-04,403.0,4F,Air Condition空調用電
E棟,2024-04-05,397.3,4F,Air Condition空調用電
E棟,2024-04-06,369.5,4F,Air Condition空調用電
E棟,2024-04-07,342.3,4F,Air Condition空調用電
E棟,2024-04-08,484.2,4F,Air Condition空調用電
E棟,2024-04-09,546.4,4F,Air Condition空調用電
E棟,2024-04-10,444.3,4F,Air Condition空調用電
E棟,2024-04-11,455.7,4F,Air Condition空調用電
E棟,2024-04-12,461.8,4F,Air Condition空調用電
E棟,2024-04-13,403.6,4F,Air Condition空調用電
E棟,2024-04-14,411.5,4F,Air Condition空調用電
E棟,2024-04-15,488.0,4F,Air Condition空調用電
E棟,2024-04-16,483.8,4F,Air Condition空調用電
E棟,2024-04-17,459.1,4F,Air Condition空調用電
E棟,2024-04-18,497.3,4F,Air Condition空調用電
E棟,2024-04-19,394.7,4F,Air Condition空調用電
E棟,2024-04-20,393.1,4F,Air Condition空調用電
E棟,2024-04-21,401.6,4F,Air Condition空調用電
E棟,2024-04-22,445.1,4F,Air Condition空調用電
E棟,2024-04-23,451.6,4F,Air Condition空調用電
E棟,2024-04-24,439.7,4F,Air Condition空調用電
E棟,2024-04-25,442.3,4F,Air Condition空調用電
E棟,2024-04-26,438.4,4F,Air Condition空調用電
E棟,2024-04-27,394.9,4F,Air Condition空調用電
E棟,2024-04-28,397.8,4F,Air Condition空調用電
E棟,2024-04-29,465.4,4F,Air Condition空調用電
E棟,2024-04-30,457.7,4F,Air Condition空調用電
E棟,2024-04-01,31.1,4F,Auto Door & Exhaust Gate自動門、排煙閘門
E棟,2024-04-02,20.6,4F,Auto Door & Exhaust Gate自動門、排煙閘門
E棟,2024-04-03,10.9,4F,Auto Door & Exhaust Gate自動門、排煙閘門
E棟,2024-04-04,2.6,4F,Auto Door & Exhaust Gate自動門、排煙閘門
E棟,2024-04-05,0.0,4F,Auto Door & Exhaust Gate自動門、排煙閘門
E棟,2024-04-06,0.0,4F,Auto Door & Exhaust Gate自動門、排煙閘門
E棟,2024-04-07,0.0,4F,Auto Door & Exhaust Gate自動門、排煙閘門
E棟,2024-04-08,8.1,4F,Auto Door & Exhaust Gate自動門、排煙閘門
E棟,2024-04-09,11.6,4F,Auto Door & Exhaust Gate自動門、排煙閘門
E棟,2024-04-10,27.6,4F,Auto Door & Exhaust Gate自動門、排煙閘門
E棟,2024-04-11,34.7,4F,Auto Door & Exhaust Gate自動門、排煙閘門
E棟,2024-04-12,9.8,4F,Auto Door & Exhaust Gate自動門、排煙閘門
E棟,2024-04-13,0.0,4F,Auto Door & Exhaust Gate自動門、排煙閘門
E棟,2024-04-14,0.0,4F,Auto Door & Exhaust Gate自動門、排煙閘門
E棟,2024-04-15,12.2,4F,Auto Door & Exhaust Gate自動門、排煙閘門
E棟,2024-04-16,25.4,4F,Auto Door & Exhaust Gate自動門、排煙閘門
E棟,2024-04-17,26.9,4F,Auto Door & Exhaust Gate自動門、排煙閘門
E棟,2024-04-18,13.9,4F,Auto Door & Exhaust Gate自動門、排煙閘門
E棟,2024-04-19,16.8,4F,Auto Door & Exhaust Gate自動門、排煙閘門
E棟,2024-04-20,0.0,4F,Auto Door & Exhaust Gate自動門、排煙閘門
E棟,2024-04-21,0.0,4F,Auto Door & Exhaust Gate自動門、排煙閘門
E棟,2024-04-22,11.5,4F,Auto Door & Exhaust Gate自動門、排煙閘門
E棟,2024-04-23,11.5,4F,Auto Door & Exhaust Gate自動門、排煙閘門
E棟,2024-04-24,13.5,4F,Auto Door & Exhaust Gate自動門、排煙閘門
E棟,2024-04-25,17.2,4F,Auto Door & Exhaust Gate自動門、排煙閘門
E棟,2024-04-26,16.0,4F,Auto Door & Exhaust Gate自動門、排煙閘門
E棟,2024-04-27,1.2,4F,Auto Door & Exhaust Gate自動門、排煙閘門
E棟,2024-04-28,4.3,4F,Auto Door & Exhaust Gate自動門、排煙閘門
E棟,2024-04-29,10.4,4F,Auto Door & Exhaust Gate自動門、排煙閘門
E棟,2024-04-30,12.9,4F,Auto Door & Exhaust Gate自動門、排煙閘門
E棟,2024-04-01,478.6,4F,Lighting照明用電
E棟,2024-04-02,461.1,4F,Lighting照明用電
E棟,2024-04-03,468.4,4F,Lighting照明用電
E棟,2024-04-04,9.9,4F,Lighting照明用電
E棟,2024-04-05,10.3,4F,Lighting照明用電
E棟,2024-04-06,8.8,4F,Lighting照明用電
E棟,2024-04-07,9.4,4F,Lighting照明用電
E棟,2024-04-08,397.5,4F,Lighting照明用電
E棟,2024-04-09,551.4,4F,Lighting照明用電
E棟,2024-04-10,473.2,4F,Lighting照明用電
E棟,2024-04-11,469.8,4F,Lighting照明用電
E棟,2024-04-12,476.1,4F,Lighting照明用電
E棟,2024-04-13,12.2,4F,Lighting照明用電
E棟,2024-04-14,19.0,4F,Lighting照明用電
E棟,2024-04-15,462.5,4F,Lighting照明用電
E棟,2024-04-16,473.8,4F,Lighting照明用電
E棟,2024-04-17,469.2,4F,Lighting照明用電
E棟,2024-04-18,493.7,4F,Lighting照明用電
E棟,2024-04-19,481.2,4F,Lighting照明用電
E棟,2024-04-20,23.1,4F,Lighting照明用電
E棟,2024-04-21,11.5,4F,Lighting照明用電
E棟,2024-04-22,468.4,4F,Lighting照明用電
E棟,2024-04-23,478.7,4F,Lighting照明用電
E棟,2024-04-24,448.3,4F,Lighting照明用電
E棟,2024-04-25,500.1,4F,Lighting照明用電
E棟,2024-04-26,477.2,4F,Lighting照明用電
E棟,2024-04-27,16.1,4F,Lighting照明用電
E棟,2024-04-28,37.4,4F,Lighting照明用電
E棟,2024-04-29,463.1,4F,Lighting照明用電
E棟,2024-04-30,483.2,4F,Lighting照明用電
E棟,2024-04-01,602.7,4F,Socket插座用電
E棟,2024-04-02,651.0,4F,Socket插座用電
E棟,2024-04-03,562.8,4F,Socket插座用電
E棟,2024-04-04,403.6,4F,Socket插座用電
E棟,2024-04-05,400.9,4F,Socket插座用電
E棟,2024-04-06,366.3,4F,Socket插座用電
E棟,2024-04-07,338.6,4F,Socket插座用電
E棟,2024-04-08,534.0,4F,Socket插座用電
E棟,2024-04-09,773.1,4F,Socket插座用電
E棟,2024-04-10,654.3,4F,Socket插座用電
E棟,2024-04-11,657.5,4F,Socket插座用電
E棟,2024-04-12,618.9,4F,Socket插座用電
E棟,2024-04-13,482.3,4F,Socket插座用電
E棟,2024-04-14,471.8,4F,Socket插座用電
E棟,2024-04-15,581.5,4F,Socket插座用電
E棟,2024-04-16,631.5,4F,Socket插座用電
E棟,2024-04-17,587.3,4F,Socket插座用電
E棟,2024-04-18,668.3,4F,Socket插座用電
E棟,2024-04-19,544.4,4F,Socket插座用電
E棟,2024-04-20,414.9,4F,Socket插座用電
E棟,2024-04-21,413.1,4F,Socket插座用電
E棟,2024-04-22,571.4,4F,Socket插座用電
E棟,2024-04-23,614.5,4F,Socket插座用電
E棟,2024-04-24,626.2,4F,Socket插座用電
E棟,2024-04-25,625.0,4F,Socket插座用電
E棟,2024-04-26,587.4,4F,Socket插座用電
E棟,2024-04-27,410.0,4F,Socket插座用電
E棟,2024-04-28,407.5,4F,Socket插座用電
E棟,2024-04-29,566.6,4F,Socket插座用電
E棟,2024-04-30,573.3,4F,Socket插座用電
E棟,2024-04-01,131.1,5F,Air Condition空調用電
E棟,2024-04-02,126.6,5F,Air Condition空調用電
E棟,2024-04-03,127.3,5F,Air Condition空調用電
E棟,2024-04-04,5.2,5F,Air Condition空調用電
E棟,2024-04-05,5.3,5F,Air Condition空調用電
E棟,2024-04-06,4.8,5F,Air Condition空調用電
E棟,2024-04-07,4.4,5F,Air Condition空調用電
E棟,2024-04-08,116.5,5F,Air Condition空調用電
E棟,2024-04-09,113.9,5F,Air Condition空調用電
E棟,2024-04-10,105.9,5F,Air Condition空調用電
E棟,2024-04-11,104.1,5F,Air Condition空調用電
E棟,2024-04-12,77.3,5F,Air Condition空調用電
E棟,2024-04-13,5.3,5F,Air Condition空調用電
E棟,2024-04-14,5.2,5F,Air Condition空調用電
E棟,2024-04-15,80.7,5F,Air Condition空調用電
E棟,2024-04-16,84.4,5F,Air Condition空調用電
E棟,2024-04-17,86.4,5F,Air Condition空調用電
E棟,2024-04-18,79.3,5F,Air Condition空調用電
E棟,2024-04-19,65.7,5F,Air Condition空調用電
E棟,2024-04-20,5.3,5F,Air Condition空調用電
E棟,2024-04-21,5.2,5F,Air Condition空調用電
E棟,2024-04-22,58.4,5F,Air Condition空調用電
E棟,2024-04-23,64.2,5F,Air Condition空調用電
E棟,2024-04-24,66.6,5F,Air Condition空調用電
E棟,2024-04-25,66.3,5F,Air Condition空調用電
E棟,2024-04-26,60.1,5F,Air Condition空調用電
E棟,2024-04-27,5.3,5F,Air Condition空調用電
E棟,2024-04-28,5.3,5F,Air Condition空調用電
E棟,2024-04-29,73.4,5F,Air Condition空調用電
E棟,2024-04-30,67.0,5F,Air Condition空調用電
E棟,2024-04-01,0.0,5F,Auto Door & Exhaust Gate自動門、排煙閘門
E棟,2024-04-02,0.0,5F,Auto Door & Exhaust Gate自動門、排煙閘門
E棟,2024-04-03,0.0,5F,Auto Door & Exhaust Gate自動門、排煙閘門
E棟,2024-04-04,0.0,5F,Auto Door & Exhaust Gate自動門、排煙閘門
E棟,2024-04-05,0.0,5F,Auto Door & Exhaust Gate自動門、排煙閘門
E棟,2024-04-06,0.0,5F,Auto Door & Exhaust Gate自動門、排煙閘門
E棟,2024-04-07,0.0,5F,Auto Door & Exhaust Gate自動門、排煙閘門
E棟,2024-04-08,0.0,5F,Auto Door & Exhaust Gate自動門、排煙閘門
E棟,2024-04-09,0.0,5F,Auto Door & Exhaust Gate自動門、排煙閘門
E棟,2024-04-10,0.0,5F,Auto Door & Exhaust Gate自動門、排煙閘門
E棟,2024-04-11,0.0,5F,Auto Door & Exhaust Gate自動門、排煙閘門
E棟,2024-04-12,0.0,5F,Auto Door & Exhaust Gate自動門、排煙閘門
E棟,2024-04-13,0.0,5F,Auto Door & Exhaust Gate自動門、排煙閘門
E棟,2024-04-14,0.0,5F,Auto Door & Exhaust Gate自動門、排煙閘門
E棟,2024-04-15,0.0,5F,Auto Door & Exhaust Gate自動門、排煙閘門
E棟,2024-04-16,0.0,5F,Auto Door & Exhaust Gate自動門、排煙閘門
E棟,2024-04-17,0.0,5F,Auto Door & Exhaust Gate自動門、排煙閘門
E棟,2024-04-18,0.0,5F,Auto Door & Exhaust Gate自動門、排煙閘門
E棟,2024-04-19,0.0,5F,Auto Door & Exhaust Gate自動門、排煙閘門
E棟,2024-04-20,0.0,5F,Auto Door & Exhaust Gate自動門、排煙閘門
E棟,2024-04-21,0.0,5F,Auto Door & Exhaust Gate自動門、排煙閘門
E棟,2024-04-22,0.0,5F,Auto Door & Exhaust Gate自動門、排煙閘門
E棟,2024-04-23,0.0,5F,Auto Door & Exhaust Gate自動門、排煙閘門
E棟,2024-04-24,0.0,5F,Auto Door & Exhaust Gate自動門、排煙閘門
E棟,2024-04-25,0.0,5F,Auto Door & Exhaust Gate自動門、排煙閘門
E棟,2024-04-26,0.0,5F,Auto Door & Exhaust Gate自動門、排煙閘門
E棟,2024-04-27,0.0,5F,Auto Door & Exhaust Gate自動門、排煙閘門
E棟,2024-04-28,0.0,5F,Auto Door & Exhaust Gate自動門、排煙閘門
E棟,2024-04-29,0.0,5F,Auto Door & Exhaust Gate自動門、排煙閘門
E棟,2024-04-30,0.0,5F,Auto Door & Exhaust Gate自動門、排煙閘門
E棟,2024-04-01,417.2,5F,Lighting照明用電
E棟,2024-04-02,423.2,5F,Lighting照明用電
E棟,2024-04-03,425.5,5F,Lighting照明用電
E棟,2024-04-04,25.9,5F,Lighting照明用電
E棟,2024-04-05,37.0,5F,Lighting照明用電
E棟,2024-04-06,39.7,5F,Lighting照明用電
E棟,2024-04-07,13.5,5F,Lighting照明用電
E棟,2024-04-08,346.8,5F,Lighting照明用電
E棟,2024-04-09,462.1,5F,Lighting照明用電
E棟,2024-04-10,424.3,5F,Lighting照明用電
E棟,2024-04-11,402.4,5F,Lighting照明用電
E棟,2024-04-12,390.5,5F,Lighting照明用電
E棟,2024-04-13,20.9,5F,Lighting照明用電
E棟,2024-04-14,18.9,5F,Lighting照明用電
E棟,2024-04-15,402.1,5F,Lighting照明用電
E棟,2024-04-16,402.4,5F,Lighting照明用電
E棟,2024-04-17,419.4,5F,Lighting照明用電
E棟,2024-04-18,397.9,5F,Lighting照明用電
E棟,2024-04-19,421.4,5F,Lighting照明用電
E棟,2024-04-20,20.5,5F,Lighting照明用電
E棟,2024-04-21,20.1,5F,Lighting照明用電
E棟,2024-04-22,377.9,5F,Lighting照明用電
E棟,2024-04-23,463.3,5F,Lighting照明用電
E棟,2024-04-24,485.8,5F,Lighting照明用電
E棟,2024-04-25,504.7,5F,Lighting照明用電
E棟,2024-04-26,511.5,5F,Lighting照明用電
E棟,2024-04-27,21.8,5F,Lighting照明用電
E棟,2024-04-28,20.8,5F,Lighting照明用電
E棟,2024-04-29,485.9,5F,Lighting照明用電
E棟,2024-04-30,487.1,5F,Lighting照明用電
E棟,2024-04-01,75.7,5F,Power動力用電
E棟,2024-04-02,80.1,5F,Power動力用電
E棟,2024-04-03,72.6,5F,Power動力用電
E棟,2024-04-04,31.3,5F,Power動力用電
E棟,2024-04-05,30.7,5F,Power動力用電
E棟,2024-04-06,28.1,5F,Power動力用電
E棟,2024-04-07,25.0,5F,Power動力用電
E棟,2024-04-08,74.8,5F,Power動力用電
E棟,2024-04-09,92.5,5F,Power動力用電
E棟,2024-04-10,82.7,5F,Power動力用電
E棟,2024-04-11,85.7,5F,Power動力用電
E棟,2024-04-12,78.5,5F,Power動力用電
E棟,2024-04-13,39.2,5F,Power動力用電
E棟,2024-04-14,39.6,5F,Power動力用電
E棟,2024-04-15,79.9,5F,Power動力用電
E棟,2024-04-16,80.3,5F,Power動力用電
E棟,2024-04-17,86.0,5F,Power動力用電
E棟,2024-04-18,92.8,5F,Power動力用電
E棟,2024-04-19,85.0,5F,Power動力用電
E棟,2024-04-20,48.6,5F,Power動力用電
E棟,2024-04-21,49.0,5F,Power動力用電
E棟,2024-04-22,89.7,5F,Power動力用電
E棟,2024-04-23,87.9,5F,Power動力用電
E棟,2024-04-24,88.2,5F,Power動力用電
E棟,2024-04-25,89.3,5F,Power動力用電
E棟,2024-04-26,77.7,5F,Power動力用電
E棟,2024-04-27,41.7,5F,Power動力用電
E棟,2024-04-28,41.8,5F,Power動力用電
E棟,2024-04-29,78.5,5F,Power動力用電
E棟,2024-04-30,80.0,5F,Power動力用電
E棟,2024-04-01,6.8,5F,Socket插座用電
E棟,2024-04-02,7.2,5F,Socket插座用電
E棟,2024-04-03,7.3,5F,Socket插座用電
E棟,2024-04-04,1.9,5F,Socket插座用電
E棟,2024-04-05,1.8,5F,Socket插座用電
E棟,2024-04-06,1.7,5F,Socket插座用電
E棟,2024-04-07,1.6,5F,Socket插座用電
E棟,2024-04-08,5.7,5F,Socket插座用電
E棟,2024-04-09,8.6,5F,Socket插座用電
E棟,2024-04-10,9.5,5F,Socket插座用電
E棟,2024-04-11,9.4,5F,Socket插座用電
E棟,2024-04-12,8.7,5F,Socket插座用電
E棟,2024-04-13,4.6,5F,Socket插座用電
E棟,2024-04-14,4.5,5F,Socket插座用電
E棟,2024-04-15,9.6,5F,Socket插座用電
E棟,2024-04-16,9.5,5F,Socket插座用電
E棟,2024-04-17,8.9,5F,Socket插座用電
E棟,2024-04-18,9.7,5F,Socket插座用電
E棟,2024-04-19,8.8,5F,Socket插座用電
E棟,2024-04-20,4.5,5F,Socket插座用電
E棟,2024-04-21,4.7,5F,Socket插座用電
E棟,2024-04-22,9.2,5F,Socket插座用電
E棟,2024-04-23,16.3,5F,Socket插座用電
E棟,2024-04-24,32.8,5F,Socket插座用電
E棟,2024-04-25,34.7,5F,Socket插座用電
E棟,2024-04-26,29.8,5F,Socket插座用電
E棟,2024-04-27,8.5,5F,Socket插座用電
E棟,2024-04-28,8.6,5F,Socket插座用電
E棟,2024-04-29,22.8,5F,Socket插座用電
E棟,2024-04-30,18.2,5F,Socket插座用電
E棟,2024-04-01,93.2,6F,Air Condtion空調用電
E棟,2024-04-02,104.7,6F,Air Condtion空調用電
E棟,2024-04-03,128.3,6F,Air Condtion空調用電
E棟,2024-04-04,9.8,6F,Air Condtion空調用電
E棟,2024-04-05,9.6,6F,Air Condtion空調用電
E棟,2024-04-06,8.5,6F,Air Condtion空調用電
E棟,2024-04-07,8.2,6F,Air Condtion空調用電
E棟,2024-04-08,113.3,6F,Air Condtion空調用電
E棟,2024-04-09,109.0,6F,Air Condtion空調用電
E棟,2024-04-10,97.8,6F,Air Condtion空調用電
E棟,2024-04-11,102.4,6F,Air Condtion空調用電
E棟,2024-04-12,104.8,6F,Air Condtion空調用電
E棟,2024-04-13,9.7,6F,Air Condtion空調用電
E棟,2024-04-14,9.5,6F,Air Condtion空調用電
E棟,2024-04-15,121.1,6F,Air Condtion空調用電
E棟,2024-04-16,119.3,6F,Air Condtion空調用電
E棟,2024-04-17,131.7,6F,Air Condtion空調用電
E棟,2024-04-18,118.8,6F,Air Condtion空調用電
E棟,2024-04-19,107.2,6F,Air Condtion空調用電
E棟,2024-04-20,10.1,6F,Air Condtion空調用電
E棟,2024-04-21,10.3,6F,Air Condtion空調用電
E棟,2024-04-22,118.3,6F,Air Condtion空調用電
E棟,2024-04-23,119.6,6F,Air Condtion空調用電
E棟,2024-04-24,112.6,6F,Air Condtion空調用電
E棟,2024-04-25,112.3,6F,Air Condtion空調用電
E棟,2024-04-26,109.8,6F,Air Condtion空調用電
E棟,2024-04-27,9.4,6F,Air Condtion空調用電
E棟,2024-04-28,9.4,6F,Air Condtion空調用電
E棟,2024-04-29,120.9,6F,Air Condtion空調用電
E棟,2024-04-30,121.7,6F,Air Condtion空調用電
E棟,2024-04-01,167.4,6F,Auto Door & Exhaust Gate自動門、排煙閘門
E棟,2024-04-02,188.7,6F,Auto Door & Exhaust Gate自動門、排煙閘門
E棟,2024-04-03,195.3,6F,Auto Door & Exhaust Gate自動門、排煙閘門
E棟,2024-04-04,77.6,6F,Auto Door & Exhaust Gate自動門、排煙閘門
E棟,2024-04-05,53.8,6F,Auto Door & Exhaust Gate自動門、排煙閘門
E棟,2024-04-06,53.2,6F,Auto Door & Exhaust Gate自動門、排煙閘門
E棟,2024-04-07,50.9,6F,Auto Door & Exhaust Gate自動門、排煙閘門
E棟,2024-04-08,176.7,6F,Auto Door & Exhaust Gate自動門、排煙閘門
E棟,2024-04-09,171.7,6F,Auto Door & Exhaust Gate自動門、排煙閘門
E棟,2024-04-10,150.9,6F,Auto Door & Exhaust Gate自動門、排煙閘門
E棟,2024-04-11,174.9,6F,Auto Door & Exhaust Gate自動門、排煙閘門
E棟,2024-04-12,191.2,6F,Auto Door & Exhaust Gate自動門、排煙閘門
E棟,2024-04-13,83.1,6F,Auto Door & Exhaust Gate自動門、排煙閘門
E棟,2024-04-14,81.5,6F,Auto Door & Exhaust Gate自動門、排煙閘門
E棟,2024-04-15,205.3,6F,Auto Door & Exhaust Gate自動門、排煙閘門
E棟,2024-04-16,187.5,6F,Auto Door & Exhaust Gate自動門、排煙閘門
E棟,2024-04-17,172.5,6F,Auto Door & Exhaust Gate自動門、排煙閘門
E棟,2024-04-18,173.1,6F,Auto Door & Exhaust Gate自動門、排煙閘門
E棟,2024-04-19,142.2,6F,Auto Door & Exhaust Gate自動門、排煙閘門
E棟,2024-04-20,71.0,6F,Auto Door & Exhaust Gate自動門、排煙閘門
E棟,2024-04-21,71.0,6F,Auto Door & Exhaust Gate自動門、排煙閘門
E棟,2024-04-22,180.5,6F,Auto Door & Exhaust Gate自動門、排煙閘門
E棟,2024-04-23,177.9,6F,Auto Door & Exhaust Gate自動門、排煙閘門
E棟,2024-04-24,169.9,6F,Auto Door & Exhaust Gate自動門、排煙閘門
E棟,2024-04-25,168.3,6F,Auto Door & Exhaust Gate自動門、排煙閘門
E棟,2024-04-26,167.4,6F,Auto Door & Exhaust Gate自動門、排煙閘門
E棟,2024-04-27,66.5,6F,Auto Door & Exhaust Gate自動門、排煙閘門
E棟,2024-04-28,70.3,6F,Auto Door & Exhaust Gate自動門、排煙閘門
E棟,2024-04-29,172.6,6F,Auto Door & Exhaust Gate自動門、排煙閘門
E棟,2024-04-30,177.3,6F,Auto Door & Exhaust Gate自動門、排煙閘門
E棟,2024-04-01,476.4,6F,Lighting照明用電
E棟,2024-04-02,490.9,6F,Lighting照明用電
E棟,2024-04-03,485.4,6F,Lighting照明用電
E棟,2024-04-04,21.8,6F,Lighting照明用電
E棟,2024-04-05,22.3,6F,Lighting照明用電
E棟,2024-04-06,21.0,6F,Lighting照明用電
E棟,2024-04-07,14.5,6F,Lighting照明用電
E棟,2024-04-08,421.4,6F,Lighting照明用電
E棟,2024-04-09,577.3,6F,Lighting照明用電
E棟,2024-04-10,509.8,6F,Lighting照明用電
E棟,2024-04-11,486.1,6F,Lighting照明用電
E棟,2024-04-12,486.0,6F,Lighting照明用電
E棟,2024-04-13,38.4,6F,Lighting照明用電
E棟,2024-04-14,39.8,6F,Lighting照明用電
E棟,2024-04-15,482.9,6F,Lighting照明用電
E棟,2024-04-16,486.8,6F,Lighting照明用電
E棟,2024-04-17,473.7,6F,Lighting照明用電
E棟,2024-04-18,489.4,6F,Lighting照明用電
E棟,2024-04-19,447.2,6F,Lighting照明用電
E棟,2024-04-20,19.4,6F,Lighting照明用電
E棟,2024-04-21,22.6,6F,Lighting照明用電
E棟,2024-04-22,491.6,6F,Lighting照明用電
E棟,2024-04-23,481.8,6F,Lighting照明用電
E棟,2024-04-24,479.2,6F,Lighting照明用電
E棟,2024-04-25,463.6,6F,Lighting照明用電
E棟,2024-04-26,503.3,6F,Lighting照明用電
E棟,2024-04-27,258.0,6F,Lighting照明用電
E棟,2024-04-28,185.4,6F,Lighting照明用電
E棟,2024-04-29,480.2,6F,Lighting照明用電
E棟,2024-04-30,468.8,6F,Lighting照明用電
E棟,2024-04-01,95.6,6F,Socket插座用電
E棟,2024-04-02,99.7,6F,Socket插座用電
E棟,2024-04-03,60.3,6F,Socket插座用電
E棟,2024-04-04,29.8,6F,Socket插座用電
E棟,2024-04-05,29.4,6F,Socket插座用電
E棟,2024-04-06,27.2,6F,Socket插座用電
E棟,2024-04-07,25.2,6F,Socket插座用電
E棟,2024-04-08,75.8,6F,Socket插座用電
E棟,2024-04-09,104.7,6F,Socket插座用電
E棟,2024-04-10,98.3,6F,Socket插座用電
E棟,2024-04-11,102.4,6F,Socket插座用電
E棟,2024-04-12,103.5,6F,Socket插座用電
E棟,2024-04-13,56.8,6F,Socket插座用電
E棟,2024-04-14,57.1,6F,Socket插座用電
E棟,2024-04-15,100.3,6F,Socket插座用電
E棟,2024-04-16,93.4,6F,Socket插座用電
E棟,2024-04-17,89.6,6F,Socket插座用電
E棟,2024-04-18,96.9,6F,Socket插座用電
E棟,2024-04-19,79.8,6F,Socket插座用電
E棟,2024-04-20,39.8,6F,Socket插座用電
E棟,2024-04-21,40.0,6F,Socket插座用電
E棟,2024-04-22,91.6,6F,Socket插座用電
E棟,2024-04-23,85.1,6F,Socket插座用電
E棟,2024-04-24,73.2,6F,Socket插座用電
E棟,2024-04-25,68.0,6F,Socket插座用電
E棟,2024-04-26,67.2,6F,Socket插座用電
E棟,2024-04-27,31.3,6F,Socket插座用電
E棟,2024-04-28,30.7,6F,Socket插座用電
E棟,2024-04-29,73.4,6F,Socket插座用電
E棟,2024-04-30,78.7,6F,Socket插座用電
E棟,2024-04-01,70.1,B1F,AHU & Exhaust Fan排風機、中控空調箱
E棟,2024-04-02,69.8,B1F,AHU & Exhaust Fan排風機、中控空調箱
E棟,2024-04-03,69.9,B1F,AHU & Exhaust Fan排風機、中控空調箱
E棟,2024-04-04,69.8,B1F,AHU & Exhaust Fan排風機、中控空調箱
E棟,2024-04-05,70.1,B1F,AHU & Exhaust Fan排風機、中控空調箱
E棟,2024-04-06,64.0,B1F,AHU & Exhaust Fan排風機、中控空調箱
E棟,2024-04-07,48.2,B1F,AHU & Exhaust Fan排風機、中控空調箱
E棟,2024-04-08,68.8,B1F,AHU & Exhaust Fan排風機、中控空調箱
E棟,2024-04-09,85.3,B1F,AHU & Exhaust Fan排風機、中控空調箱
E棟,2024-04-10,71.1,B1F,AHU & Exhaust Fan排風機、中控空調箱
E棟,2024-04-11,69.7,B1F,AHU & Exhaust Fan排風機、中控空調箱
E棟,2024-04-12,67.6,B1F,AHU & Exhaust Fan排風機、中控空調箱
E棟,2024-04-13,69.7,B1F,AHU & Exhaust Fan排風機、中控空調箱
E棟,2024-04-14,65.0,B1F,AHU & Exhaust Fan排風機、中控空調箱
E棟,2024-04-15,69.6,B1F,AHU & Exhaust Fan排風機、中控空調箱
E棟,2024-04-16,60.3,B1F,AHU & Exhaust Fan排風機、中控空調箱
E棟,2024-04-17,64.5,B1F,AHU & Exhaust Fan排風機、中控空調箱
E棟,2024-04-18,77.1,B1F,AHU & Exhaust Fan排風機、中控空調箱
E棟,2024-04-19,71.6,B1F,AHU & Exhaust Fan排風機、中控空調箱
E棟,2024-04-20,69.6,B1F,AHU & Exhaust Fan排風機、中控空調箱
E棟,2024-04-21,69.6,B1F,AHU & Exhaust Fan排風機、中控空調箱
E棟,2024-04-22,69.6,B1F,AHU & Exhaust Fan排風機、中控空調箱
E棟,2024-04-23,59.2,B1F,AHU & Exhaust Fan排風機、中控空調箱
E棟,2024-04-24,71.3,B1F,AHU & Exhaust Fan排風機、中控空調箱
E棟,2024-04-25,67.1,B1F,AHU & Exhaust Fan排風機、中控空調箱
E棟,2024-04-26,62.3,B1F,AHU & Exhaust Fan排風機、中控空調箱
E棟,2024-04-27,41.4,B1F,AHU & Exhaust Fan排風機、中控空調箱
E棟,2024-04-28,70.2,B1F,AHU & Exhaust Fan排風機、中控空調箱
E棟,2024-04-29,68.9,B1F,AHU & Exhaust Fan排風機、中控空調箱
E棟,2024-04-30,70.0,B1F,AHU & Exhaust Fan排風機、中控空調箱
E棟,2024-04-01,525.2,B1F,Emergency Lighting緊急照明、導流風機
E棟,2024-04-02,519.9,B1F,Emergency Lighting緊急照明、導流風機
E棟,2024-04-03,503.9,B1F,Emergency Lighting緊急照明、導流風機
E棟,2024-04-04,78.5,B1F,Emergency Lighting緊急照明、導流風機
E棟,2024-04-05,71.0,B1F,Emergency Lighting緊急照明、導流風機
E棟,2024-04-06,68.3,B1F,Emergency Lighting緊急照明、導流風機
E棟,2024-04-07,60.9,B1F,Emergency Lighting緊急照明、導流風機
E棟,2024-04-08,445.7,B1F,Emergency Lighting緊急照明、導流風機
E棟,2024-04-09,536.2,B1F,Emergency Lighting緊急照明、導流風機
E棟,2024-04-10,497.0,B1F,Emergency Lighting緊急照明、導流風機
E棟,2024-04-11,467.7,B1F,Emergency Lighting緊急照明、導流風機
E棟,2024-04-12,493.8,B1F,Emergency Lighting緊急照明、導流風機
E棟,2024-04-13,88.7,B1F,Emergency Lighting緊急照明、導流風機
E棟,2024-04-14,91.6,B1F,Emergency Lighting緊急照明、導流風機
E棟,2024-04-15,516.2,B1F,Emergency Lighting緊急照明、導流風機
E棟,2024-04-16,513.0,B1F,Emergency Lighting緊急照明、導流風機
E棟,2024-04-17,507.0,B1F,Emergency Lighting緊急照明、導流風機
E棟,2024-04-18,490.5,B1F,Emergency Lighting緊急照明、導流風機
E棟,2024-04-19,408.2,B1F,Emergency Lighting緊急照明、導流風機
E棟,2024-04-20,140.5,B1F,Emergency Lighting緊急照明、導流風機
E棟,2024-04-21,105.5,B1F,Emergency Lighting緊急照明、導流風機
E棟,2024-04-22,524.1,B1F,Emergency Lighting緊急照明、導流風機
E棟,2024-04-23,493.8,B1F,Emergency Lighting緊急照明、導流風機
E棟,2024-04-24,523.8,B1F,Emergency Lighting緊急照明、導流風機
E棟,2024-04-25,493.6,B1F,Emergency Lighting緊急照明、導流風機
E棟,2024-04-26,520.1,B1F,Emergency Lighting緊急照明、導流風機
E棟,2024-04-27,170.9,B1F,Emergency Lighting緊急照明、導流風機
E棟,2024-04-28,104.4,B1F,Emergency Lighting緊急照明、導流風機
E棟,2024-04-29,518.0,B1F,Emergency Lighting緊急照明、導流風機
E棟,2024-04-30,505.0,B1F,Emergency Lighting緊急照明、導流風機
E棟,2024-04-01,217.5,B1F,Lighting照明用電
E棟,2024-04-02,233.9,B1F,Lighting照明用電
E棟,2024-04-03,220.9,B1F,Lighting照明用電
E棟,2024-04-04,161.2,B1F,Lighting照明用電
E棟,2024-04-05,145.2,B1F,Lighting照明用電
E棟,2024-04-06,158.4,B1F,Lighting照明用電
E棟,2024-04-07,86.8,B1F,Lighting照明用電
E棟,2024-04-08,203.3,B1F,Lighting照明用電
E棟,2024-04-09,271.8,B1F,Lighting照明用電
E棟,2024-04-10,216.8,B1F,Lighting照明用電
E棟,2024-04-11,227.6,B1F,Lighting照明用電
E棟,2024-04-12,222.3,B1F,Lighting照明用電
E棟,2024-04-13,145.3,B1F,Lighting照明用電
E棟,2024-04-14,113.2,B1F,Lighting照明用電
E棟,2024-04-15,185.5,B1F,Lighting照明用電
E棟,2024-04-16,206.0,B1F,Lighting照明用電
E棟,2024-04-17,205.6,B1F,Lighting照明用電
E棟,2024-04-18,231.1,B1F,Lighting照明用電
E棟,2024-04-19,215.7,B1F,Lighting照明用電
E棟,2024-04-20,176.9,B1F,Lighting照明用電
E棟,2024-04-21,108.2,B1F,Lighting照明用電
E棟,2024-04-22,209.8,B1F,Lighting照明用電
E棟,2024-04-23,227.8,B1F,Lighting照明用電
E棟,2024-04-24,228.6,B1F,Lighting照明用電
E棟,2024-04-25,219.9,B1F,Lighting照明用電
E棟,2024-04-26,213.4,B1F,Lighting照明用電
E棟,2024-04-27,188.6,B1F,Lighting照明用電
E棟,2024-04-28,161.4,B1F,Lighting照明用電
E棟,2024-04-29,262.3,B1F,Lighting照明用電
E棟,2024-04-30,278.1,B1F,Lighting照明用電
E棟,2024-04-01,2512.3,B1F,QALAB
E棟,2024-04-02,2651.7,B1F,QALAB
E棟,2024-04-03,2322.7,B1F,QALAB
E棟,2024-04-04,2030.6,B1F,QALAB
E棟,2024-04-05,2178.3,B1F,QALAB
E棟,2024-04-06,2159.6,B1F,QALAB
E棟,2024-04-07,2007.1,B1F,QALAB
E棟,2024-04-08,2415.1,B1F,QALAB
E棟,2024-04-09,2939.2,B1F,QALAB
E棟,2024-04-10,2372.1,B1F,QALAB
E棟,2024-04-11,2141.5,B1F,QALAB
E棟,2024-04-12,2154.8,B1F,QALAB
E棟,2024-04-13,2096.5,B1F,QALAB
E棟,2024-04-14,2027.0,B1F,QALAB
E棟,2024-04-15,2305.6,B1F,QALAB
E棟,2024-04-16,2552.7,B1F,QALAB
E棟,2024-04-17,2281.5,B1F,QALAB
E棟,2024-04-18,2486.0,B1F,QALAB
E棟,2024-04-19,2163.6,B1F,QALAB
E棟,2024-04-20,2087.1,B1F,QALAB
E棟,2024-04-21,2102.3,B1F,QALAB
E棟,2024-04-22,2350.0,B1F,QALAB
E棟,2024-04-23,2488.1,B1F,QALAB
E棟,2024-04-24,2645.8,B1F,QALAB
E棟,2024-04-25,2601.9,B1F,QALAB
E棟,2024-04-26,2468.3,B1F,QALAB
E棟,2024-04-27,2225.8,B1F,QALAB
E棟,2024-04-28,2113.7,B1F,QALAB
E棟,2024-04-29,2360.8,B1F,QALAB
E棟,2024-04-30,2402.1,B1F,QALAB
E棟,2024-04-01,82.8,B1F,Socket插座用電
E棟,2024-04-02,83.9,B1F,Socket插座用電
E棟,2024-04-03,82.6,B1F,Socket插座用電
E棟,2024-04-04,67.8,B1F,Socket插座用電
E棟,2024-04-05,66.1,B1F,Socket插座用電
E棟,2024-04-06,60.7,B1F,Socket插座用電
E棟,2024-04-07,56.1,B1F,Socket插座用電
E棟,2024-04-08,78.8,B1F,Socket插座用電
E棟,2024-04-09,99.5,B1F,Socket插座用電
E棟,2024-04-10,83.4,B1F,Socket插座用電
E棟,2024-04-11,84.4,B1F,Socket插座用電
E棟,2024-04-12,81.0,B1F,Socket插座用電
E棟,2024-04-13,69.0,B1F,Socket插座用電
E棟,2024-04-14,63.2,B1F,Socket插座用電
E棟,2024-04-15,85.0,B1F,Socket插座用電
E棟,2024-04-16,84.2,B1F,Socket插座用電
E棟,2024-04-17,80.4,B1F,Socket插座用電
E棟,2024-04-18,89.2,B1F,Socket插座用電
E棟,2024-04-19,83.3,B1F,Socket插座用電
E棟,2024-04-20,65.5,B1F,Socket插座用電
E棟,2024-04-21,65.0,B1F,Socket插座用電
E棟,2024-04-22,86.4,B1F,Socket插座用電
E棟,2024-04-23,86.0,B1F,Socket插座用電
E棟,2024-04-24,86.9,B1F,Socket插座用電
E棟,2024-04-25,84.2,B1F,Socket插座用電
E棟,2024-04-26,83.5,B1F,Socket插座用電
E棟,2024-04-27,65.8,B1F,Socket插座用電
E棟,2024-04-28,65.8,B1F,Socket插座用電
E棟,2024-04-29,88.7,B1F,Socket插座用電
E棟,2024-04-30,85.6,B1F,Socket插座用電
E棟,2024-04-01,33.7,B2F,Lighting 照明用電
E棟,2024-04-02,34.5,B2F,Lighting 照明用電
E棟,2024-04-03,35.1,B2F,Lighting 照明用電
E棟,2024-04-04,29.6,B2F,Lighting 照明用電
E棟,2024-04-05,29.7,B2F,Lighting 照明用電
E棟,2024-04-06,28.1,B2F,Lighting 照明用電
E棟,2024-04-07,24.8,B2F,Lighting 照明用電
E棟,2024-04-08,33.7,B2F,Lighting 照明用電
E棟,2024-04-09,41.3,B2F,Lighting 照明用電
E棟,2024-04-10,35.9,B2F,Lighting 照明用電
E棟,2024-04-11,33.9,B2F,Lighting 照明用電
E棟,2024-04-12,33.9,B2F,Lighting 照明用電
E棟,2024-04-13,28.7,B2F,Lighting 照明用電
E棟,2024-04-14,28.2,B2F,Lighting 照明用電
E棟,2024-04-15,33.5,B2F,Lighting 照明用電
E棟,2024-04-16,34.1,B2F,Lighting 照明用電
E棟,2024-04-17,32.1,B2F,Lighting 照明用電
E棟,2024-04-18,35.5,B2F,Lighting 照明用電
E棟,2024-04-19,30.3,B2F,Lighting 照明用電
E棟,2024-04-20,31.2,B2F,Lighting 照明用電
E棟,2024-04-21,31.1,B2F,Lighting 照明用電
E棟,2024-04-22,36.5,B2F,Lighting 照明用電
E棟,2024-04-23,36.9,B2F,Lighting 照明用電
E棟,2024-04-24,37.0,B2F,Lighting 照明用電
E棟,2024-04-25,37.0,B2F,Lighting 照明用電
E棟,2024-04-26,36.6,B2F,Lighting 照明用電
E棟,2024-04-27,31.2,B2F,Lighting 照明用電
E棟,2024-04-28,31.1,B2F,Lighting 照明用電
E棟,2024-04-29,36.4,B2F,Lighting 照明用電
E棟,2024-04-30,36.6,B2F,Lighting 照明用電
E棟,2024-04-01,3362.98,B3F,Chiller Switchboard冰機總盤
E棟,2024-04-02,3749.05,B3F,Chiller Switchboard冰機總盤
E棟,2024-04-03,3755.01,B3F,Chiller Switchboard冰機總盤
E棟,2024-04-04,2435.1,B3F,Chiller Switchboard冰機總盤
E棟,2024-04-05,2364.02,B3F,Chiller Switchboard冰機總盤
E棟,2024-04-06,2221.69,B3F,Chiller Switchboard冰機總盤
E棟,2024-04-07,2024.08,B3F,Chiller Switchboard冰機總盤
E棟,2024-04-08,3306.71,B3F,Chiller Switchboard冰機總盤
E棟,2024-04-09,3470.52,B3F,Chiller Switchboard冰機總盤
E棟,2024-04-10,2950.44,B3F,Chiller Switchboard冰機總盤
E棟,2024-04-11,3159.03,B3F,Chiller Switchboard冰機總盤
E棟,2024-04-12,3384.38,B3F,Chiller Switchboard冰機總盤
E棟,2024-04-13,2522.01,B3F,Chiller Switchboard冰機總盤
E棟,2024-04-14,2615.38,B3F,Chiller Switchboard冰機總盤
E棟,2024-04-15,3939.98,B3F,Chiller Switchboard冰機總盤
E棟,2024-04-16,3997.97,B3F,Chiller Switchboard冰機總盤
E棟,2024-04-17,3725.34,B3F,Chiller Switchboard冰機總盤
E棟,2024-04-18,3771.33,B3F,Chiller Switchboard冰機總盤
E棟,2024-04-19,3599.77,B3F,Chiller Switchboard冰機總盤
E棟,2024-04-20,2797.63,B3F,Chiller Switchboard冰機總盤
E棟,2024-04-21,2929.58,B3F,Chiller Switchboard冰機總盤
E棟,2024-04-22,3882.62,B3F,Chiller Switchboard冰機總盤
E棟,2024-04-23,3808.67,B3F,Chiller Switchboard冰機總盤
E棟,2024-04-24,3597.81,B3F,Chiller Switchboard冰機總盤
E棟,2024-04-25,3549.3,B3F,Chiller Switchboard冰機總盤
E棟,2024-04-26,3507.08,B3F,Chiller Switchboard冰機總盤
E棟,2024-04-27,2631.92,B3F,Chiller Switchboard冰機總盤
E棟,2024-04-28,2689.48,B3F,Chiller Switchboard冰機總盤
E棟,2024-04-29,4052.63,B3F,Chiller Switchboard冰機總盤
E棟,2024-04-30,3993.44,B3F,Chiller Switchboard冰機總盤
E棟,2024-04-01,37.2,B3F,Emergency Pump緊急泵浦
E棟,2024-04-02,78.9,B3F,Emergency Pump緊急泵浦
E棟,2024-04-03,80.0,B3F,Emergency Pump緊急泵浦
E棟,2024-04-04,63.2,B3F,Emergency Pump緊急泵浦
E棟,2024-04-05,96.1,B3F,Emergency Pump緊急泵浦
E棟,2024-04-06,63.5,B3F,Emergency Pump緊急泵浦
E棟,2024-04-07,13.0,B3F,Emergency Pump緊急泵浦
E棟,2024-04-08,72.3,B3F,Emergency Pump緊急泵浦
E棟,2024-04-09,75.6,B3F,Emergency Pump緊急泵浦
E棟,2024-04-10,79.6,B3F,Emergency Pump緊急泵浦
E棟,2024-04-11,75.1,B3F,Emergency Pump緊急泵浦
E棟,2024-04-12,144.4,B3F,Emergency Pump緊急泵浦
E棟,2024-04-13,72.5,B3F,Emergency Pump緊急泵浦
E棟,2024-04-14,14.1,B3F,Emergency Pump緊急泵浦
E棟,2024-04-15,35.4,B3F,Emergency Pump緊急泵浦
E棟,2024-04-16,85.4,B3F,Emergency Pump緊急泵浦
E棟,2024-04-17,81.9,B3F,Emergency Pump緊急泵浦
E棟,2024-04-18,79.2,B3F,Emergency Pump緊急泵浦
E棟,2024-04-19,119.9,B3F,Emergency Pump緊急泵浦
E棟,2024-04-20,65.3,B3F,Emergency Pump緊急泵浦
E棟,2024-04-21,12.7,B3F,Emergency Pump緊急泵浦
E棟,2024-04-22,34.9,B3F,Emergency Pump緊急泵浦
E棟,2024-04-23,77.9,B3F,Emergency Pump緊急泵浦
E棟,2024-04-24,72.1,B3F,Emergency Pump緊急泵浦
E棟,2024-04-25,75.0,B3F,Emergency Pump緊急泵浦
E棟,2024-04-26,117.7,B3F,Emergency Pump緊急泵浦
E棟,2024-04-27,52.1,B3F,Emergency Pump緊急泵浦
E棟,2024-04-28,12.7,B3F,Emergency Pump緊急泵浦
E棟,2024-04-29,38.3,B3F,Emergency Pump緊急泵浦
E棟,2024-04-30,82.4,B3F,Emergency Pump緊急泵浦
E棟,2024-04-01,21.0,B3F,Lighting 照明用電
E棟,2024-04-02,21.1,B3F,Lighting 照明用電
E棟,2024-04-03,21.6,B3F,Lighting 照明用電
E棟,2024-04-04,0.0,B3F,Lighting 照明用電
E棟,2024-04-05,0.0,B3F,Lighting 照明用電
E棟,2024-04-06,0.0,B3F,Lighting 照明用電
E棟,2024-04-07,0.0,B3F,Lighting 照明用電
E棟,2024-04-08,18.0,B3F,Lighting 照明用電
E棟,2024-04-09,26.8,B3F,Lighting 照明用電
E棟,2024-04-10,21.7,B3F,Lighting 照明用電
E棟,2024-04-11,21.3,B3F,Lighting 照明用電
E棟,2024-04-12,21.0,B3F,Lighting 照明用電
E棟,2024-04-13,0.0,B3F,Lighting 照明用電
E棟,2024-04-14,8.1,B3F,Lighting 照明用電
E棟,2024-04-15,21.1,B3F,Lighting 照明用電
E棟,2024-04-16,21.0,B3F,Lighting 照明用電
E棟,2024-04-17,21.0,B3F,Lighting 照明用電
E棟,2024-04-18,25.3,B3F,Lighting 照明用電
E棟,2024-04-19,19.9,B3F,Lighting 照明用電
E棟,2024-04-20,5.9,B3F,Lighting 照明用電
E棟,2024-04-21,0.0,B3F,Lighting 照明用電
E棟,2024-04-22,21.5,B3F,Lighting 照明用電
E棟,2024-04-23,21.0,B3F,Lighting 照明用電
E棟,2024-04-24,24.3,B3F,Lighting 照明用電
E棟,2024-04-25,22.8,B3F,Lighting 照明用電
E棟,2024-04-26,21.2,B3F,Lighting 照明用電
E棟,2024-04-27,0.0,B3F,Lighting 照明用電
E棟,2024-04-28,0.0,B3F,Lighting 照明用電
E棟,2024-04-29,21.0,B3F,Lighting 照明用電
E棟,2024-04-30,23.8,B3F,Lighting 照明用電
